#,Giocatore,Pos,Squadra,PTS,CR,Plus,Presenze,Titolare,Minuti,Goal,Tiri,Tiri Porta,Goal Rig,Dribb Riusciti,Ass,Pass Riusciti,Pass Chiave,Falli,Falli Subiti,Gialli,Rossi,Pall Rubati,Tackle,Clean Sheet,Parate
1,M. Thuram,Att,INT,191.5,19.7,0.7,8,8,642,7,23,14,0,1,1,88,12,8,12,0,0,7,8,3,0
2,M. Retegui,Att,ATA,182.1,17.0,1.0,8,7,545,8,28,11,2,2,2,88,10,12,7,1,0,4,4,2,0
3,C. Pulisic,Att,MIL,169.2,19.0,0.5,8,8,641,5,13,8,1,6,3,203,20,5,3,0,0,8,14,3,0
4,G. Di Lorenzo,Dif,NAP,154.0,17.0,0.5,8,8,720,2,5,2,0,4,0,333,13,15,9,1,0,21,20,5,0
5,K. Kvaratskhelia,Att,NAP,149.6,20.3,-0.7,8,8,602,4,27,10,1,10,2,137,14,8,15,1,0,8,9,5,0
6,A. Cambiaso,Dif,JUV,131.3,14.0,0.5,8,7,641,1,4,1,0,8,0,372,10,9,6,2,0,9,12,6,0
7,A. Buongiorno,Dif,NAP,128.6,17.5,0.0,7,7,630,1,5,2,0,0,0,314,3,3,9,1,0,12,14,5,0
8,Bremer,Dif,JUV,126.8,18.7,0.2,6,6,540,0,3,0,0,3,0,466,0,9,5,2,0,14,16,6,0
9,Y. Sommer,Por,INT,126.4,15.8,-0.2,8,8,720,0,0,0,0,0,0,230,0,0,0,0,0,0,0,3,24
10,D. Vasquez,Por,EMP,126.1,9.8,1.3,8,8,720,0,0,0,0,0,0,134,0,0,0,1,0,0,0,4,19
11,G. Strefezza,Att,COM,123.2,12.6,0.6,8,8,664,2,17,4,0,10,1,205,13,15,19,1,0,15,17,0,0
12,E. Ndicka,Dif,ROM,123.0,14.5,0.5,8,8,720,0,3,0,0,0,0,551,2,11,6,0,0,17,9,3,0
13,R. Leao,Att,MIL,122.1,19.0,-0.5,7,6,514,1,23,10,0,16,3,150,15,3,8,0,0,7,3,2,0
14,A. Rrahmani,Dif,NAP,121.8,14.0,0.5,8,8,720,0,6,0,0,0,1,445,2,3,3,1,0,7,7,5,0
15,D. Man,Att,PAR,120.4,14.4,-0.1,8,7,602,3,20,8,0,10,1,178,18,3,6,0,0,4,2,1,0
16,F. Anguissa,Cen,NAP,119.0,14.0,0.0,8,8,720,1,9,2,0,8,0,353,3,14,6,2,0,26,13,5,0
17,M. Maignan,Por,MIL,117.7,15.0,0.0,8,8,720,0,0,0,0,0,0,222,0,0,1,1,0,0,0,3,20
18,M. Viti,Dif,EMP,117.0,11.4,0.9,8,8,720,0,7,1,0,2,0,257,1,9,10,0,0,27,26,4,0
19,F. Gatti,Dif,JUV,116.7,14.0,0.5,6,6,518,0,5,2,0,4,0,372,1,4,8,0,0,11,7,5,0
20,H. Theo,Dif,MIL,115.8,18.3,-1.2,7,5,485,2,9,3,0,4,2,272,10,2,11,0,1,13,8,2,0
21,M. Zaccagni,Att,LAZ,115.3,16.3,-0.7,8,8,672,2,15,6,1,8,2,151,15,10,22,2,0,12,8,0,0
22,M. Svilar,Por,ROM,114.5,14.6,0.1,8,8,720,0,1,0,0,0,0,184,0,0,1,0,0,0,0,3,25
23,M. de Roon,Cen,ATA,113.8,14.0,0.0,8,8,720,1,1,1,0,0,0,432,5,15,4,3,0,22,22,2,0
24,Saul Coco,Dif,TOR,113.5,12.8,0.3,7,7,630,2,4,4,0,2,0,286,0,9,4,1,0,14,8,2,0
25,F. Acerbi,Dif,INT,113.3,17.2,-0.3,7,7,567,0,1,0,0,0,1,464,3,3,8,0,0,15,6,2,0
26,A. Bonny,Att,PAR,112.4,12.7,0.2,8,8,605,3,19,6,1,5,1,100,12,8,12,0,0,5,8,1,0
27,Ederson,Cen,ATA,112.1,15.2,-0.3,8,8,673,1,8,6,0,7,1,350,5,14,11,3,0,11,4,2,0
28,N. Paz,Cen,COM,112.1,14.1,0.6,7,5,507,1,21,8,0,12,2,184,13,8,7,0,0,13,9,0,0
29,S. Castro,Att,BOL,111.4,9.6,1.1,8,7,615,3,20,9,0,7,1,86,4,12,12,1,0,3,6,1,0
30,D. Vlahovic,Att,JUV,110.5,19.0,-1.5,8,8,668,5,33,11,3,1,0,67,3,8,4,0,0,1,1,6,0
31,B. Cristante,Cen,ROM,110.4,13.5,0.0,8,8,674,1,9,2,0,2,0,409,4,11,3,3,0,20,14,3,0
32,S. Esposito,Att,EMP,110.4,12.7,0.2,8,6,545,2,17,8,0,9,0,101,6,8,16,0,0,12,14,4,0
33,P. Cutrone,Att,COM,110.4,11.6,0.1,8,8,655,4,22,10,0,2,0,88,5,6,5,0,0,4,6,0,0
34,F. Thauvin,Att,UDI,108.8,12.4,0.4,6,6,456,3,10,6,0,13,1,108,7,3,8,0,0,7,5,1,0
35,Dodo,Dif,FIO,108.5,13.5,0.0,8,8,720,0,4,0,0,16,0,250,13,3,16,3,0,19,10,3,0
36,A. Bastoni,Dif,INT,107.9,18.2,-0.8,7,7,551,0,3,1,0,1,1,447,7,8,6,0,0,11,8,3,0
37,R. Freuler,Cen,BOL,107.7,13.5,0.0,8,8,720,0,0,0,0,1,1,457,14,8,6,1,0,16,21,1,0
38,B. Dia,Att,LAZ,105.7,16.2,-0.8,7,6,450,3,9,7,0,7,0,85,5,8,7,0,0,3,4,0,0
39,Adrian Bernabe,Cen,PAR,105.3,13.3,-0.2,8,8,709,0,12,0,0,7,0,396,15,6,18,1,0,17,18,1,0
40,N. Savona,Dif,JUV,105.3,6.8,1.3,7,5,442,1,4,3,0,3,0,281,5,2,5,2,0,10,10,3,0
41,A. Masina,Dif,TOR,105.2,10.2,0.7,8,7,688,0,1,0,0,2,2,441,2,7,3,1,0,11,13,2,0
42,Pablo Mari,Dif,MON,105.1,12.7,0.2,8,8,720,0,2,0,0,2,0,409,2,13,1,2,0,23,8,2,0
43,David de Gea,Por,FIO,104.9,13.9,0.4,5,5,450,0,0,0,0,0,0,104,0,0,1,0,0,0,0,2,19
44,F. Dimarco,Dif,INT,104.6,17.1,-1.4,8,8,662,1,19,4,0,2,1,271,19,4,5,1,0,4,5,3,0
45,C. Adams,Att,TOR,104.6,12.1,0.1,8,5,476,3,13,8,0,4,1,88,7,4,7,0,0,3,4,2,0
46,M. Lautaro,Att,INT,103.9,21.0,-2.0,7,7,563,3,20,8,0,4,1,92,11,12,11,0,0,4,6,2,0
47,N. Krstovic,Att,LEC,103.0,13.4,-0.1,8,8,694,2,35,14,0,7,0,104,5,10,13,0,0,5,9,2,0
48,M. Darmian,Dif,INT,102.4,13.6,-0.4,8,7,540,1,6,1,0,1,1,216,3,9,8,1,0,9,13,3,0
49,M. Guendouzi,Cen,LAZ,102.4,13.3,-0.2,8,8,694,1,9,3,0,5,0,335,8,7,7,2,0,14,11,0,0
50,G. Mancini,Dif,ROM,101.7,14.2,-0.3,8,8,688,0,5,1,0,0,0,419,6,11,9,1,0,11,9,3,0
51,V. Castellanos,Att,LAZ,101.5,14.8,-0.7,7,7,599,3,25,11,0,5,1,75,5,11,9,2,0,3,4,0,0
52,D. Cataldi,Cen,FIO,101.0,9.5,1.0,6,6,454,2,7,2,0,1,0,232,4,5,6,0,0,11,10,2,0
53,M. Di Gregorio,Por,JUV,100.1,15.3,-0.2,6,6,540,0,0,0,0,0,0,131,0,0,0,0,0,0,0,5,6
54,S. Beukema,Dif,BOL,99.9,13.9,-0.6,8,7,675,0,4,1,0,0,1,473,4,6,10,0,0,10,10,1,0
55,Angelino,Dif,ROM,99.6,12.7,-0.3,8,8,690,0,5,0,0,2,0,452,8,7,5,0,0,9,12,3,0
56,M. Kean,Att,FIO,99.5,14.4,-0.6,8,8,664,2,32,10,0,15,1,71,7,10,13,0,0,2,2,2,0
57,V. Milinkovic-Savic,Por,TOR,99.0,12.3,-0.2,7,7,630,0,0,0,0,0,0,168,0,0,0,1,0,0,0,2,28
58,D. Zapata,Att,TOR,98.9,15.7,-0.8,7,7,590,3,21,10,0,1,0,84,9,10,8,1,0,7,7,2,0
59,A. Izzo,Dif,MON,98.3,11.2,0.2,8,8,688,0,1,0,0,2,1,352,3,18,8,4,0,21,12,2,0
60,P. Kalulu,Dif,JUV,98.2,11.0,0.5,6,5,447,0,0,0,0,0,0,476,2,4,3,0,0,6,5,4,0
61,A. Ismajli,Dif,EMP,98.2,10.2,0.7,8,8,720,0,3,0,0,0,0,195,0,4,7,0,0,19,5,4,0
62,K. Yildiz,Att,JUV,97.2,15.1,-0.9,8,7,603,0,10,3,0,12,2,211,9,5,8,0,0,10,14,7,0
63,A. Dovbyk,Att,ROM,96.9,18.0,-2.0,8,8,702,3,21,8,0,4,0,86,5,8,5,0,0,0,0,3,0
64,R. Belahyane,Cen,VER,96.4,7.3,1.3,8,7,699,0,3,0,0,14,1,288,4,11,6,3,0,18,18,2,0
65,C. De Ketelaere,Att,ATA,96.2,15.4,-1.1,8,7,540,1,12,7,0,10,1,180,16,4,14,0,0,2,2,2,0
66,H. Calhanoglu,Cen,INT,96.0,19.7,-1.8,7,7,473,1,8,3,1,1,0,412,8,4,4,1,0,9,13,2,0
67,Y. Ramadani,Cen,LEC,95.4,10.8,0.3,8,8,665,0,7,3,0,7,1,295,7,6,6,1,0,13,15,2,0
68,R. Lukaku,Att,NAP,94.7,20.2,-1.3,6,5,408,3,8,3,1,2,4,54,7,8,10,1,0,0,0,3,0
69,R. Marin,Cen,CAG,94.4,10.4,0.4,8,5,505,2,11,6,1,4,0,174,14,9,2,2,0,7,11,1,0
70,Nuno Tavares,Dif,LAZ,94.3,12.5,0.0,6,6,501,0,9,2,0,13,5,158,10,3,14,1,0,10,8,0,0
71,A. Colpani,Cen,FIO,94.2,13.8,-0.7,8,7,557,2,18,7,0,2,1,136,6,11,11,1,0,3,6,2,0
72,C. Kabasele,Dif,UDI,94.1,8.3,0.8,7,5,488,1,11,3,0,1,0,229,0,6,6,0,0,11,7,2,0
73,Dany Mota,Att,MON,93.8,10.9,0.4,6,3,318,4,4,4,0,4,0,61,2,3,4,1,0,2,4,1,0
74,E. Gyasi,Cen,EMP,93.7,7.5,1.0,8,8,719,2,5,3,0,5,0,129,4,14,5,2,0,10,15,4,0
75,M. Okoye,Por,UDI,92.8,10.7,0.2,8,8,720,0,0,0,0,0,0,187,0,0,1,1,0,0,0,2,29
76,L. Lucca,Att,UDI,91.9,12.4,-0.6,8,7,553,3,8,3,0,4,0,59,3,16,10,3,0,5,7,2,0
77,P. Comuzzo,Dif,FIO,90.8,6.2,1.2,7,7,590,0,1,1,0,0,0,344,0,7,4,1,0,10,14,3,0
78,G. Kyriakopoulos,Dif,MON,90.0,8.7,0.7,8,8,720,0,3,1,0,2,1,201,9,6,11,1,0,22,18,2,0
79,A. Lookman,Att,ATA,89.8,16.5,-0.5,5,4,328,2,15,6,1,10,2,101,15,5,4,0,0,4,5,0,0
80,M. Djuric,Att,MON,89.5,11.5,0.0,7,6,528,2,7,4,0,2,1,61,2,8,8,1,0,1,0,1,0
81,Kialonda Gaspar,Dif,LEC,89.4,9.6,0.1,8,8,720,0,6,0,0,3,1,273,3,3,11,1,0,17,12,2,0
82,D. Maldini,Att,MON,88.9,11.0,0.0,7,7,514,1,11,6,0,13,0,110,1,6,20,2,0,6,8,1,0
83,T. Reijnders,Cen,MIL,88.9,14.6,-0.9,8,7,553,0,11,4,0,8,1,276,6,5,1,1,1,9,1,2,0
84,R. Gosens,Dif,FIO,88.4,17.1,-0.9,6,6,514,1,4,2,0,2,2,178,10,6,6,2,0,8,12,2,0
85,G. Pezzella,Dif,EMP,88.2,7.6,0.6,8,8,637,0,5,2,0,9,1,91,10,17,16,2,0,13,18,4,0
86,S. Luperto,Dif,CAG,88.1,11.0,0.0,8,8,720,0,9,1,0,0,2,311,4,5,6,0,0,15,9,1,0
87,D. Mosquera,Att,VER,88.1,8.0,0.5,8,3,322,3,13,4,0,5,1,46,5,8,4,1,0,1,3,0,0
88,M. Locatelli,Cen,JUV,88.0,12.3,-0.2,7,7,508,0,1,1,0,0,0,455,4,10,4,2,0,11,11,5,0
89,B. Pavard,Dif,INT,86.6,16.2,-0.8,6,5,495,0,3,0,0,0,1,349,6,5,2,1,0,8,9,3,0
90,M. Politano,Att,NAP,85.9,12.5,-0.5,8,8,654,1,15,3,0,6,0,169,14,2,9,0,0,5,6,5,0
91,Emerson Royal,Dif,MIL,85.7,13.0,-0.5,7,6,543,0,0,0,0,3,0,272,8,10,12,2,0,16,13,3,0
92,A. Fadera,Att,COM,85.3,9.1,0.6,6,5,397,1,5,1,0,5,2,119,5,7,9,0,0,13,16,0,0
93,A. Pinamonti,Att,GEN,85.1,14.4,-1.1,7,6,535,3,15,5,0,0,0,56,2,3,8,2,0,3,2,1,0
94,D. Lazovic,Cen,VER,84.9,10.3,-0.2,8,8,588,1,11,2,1,3,3,91,6,5,3,0,0,7,10,2,0
95,J. Bijol,Dif,UDI,84.2,11.5,-0.5,8,8,720,0,6,2,0,1,0,313,5,10,0,2,0,19,16,2,0
96,N. Rovella,Cen,LAZ,83.9,11.6,0.1,7,6,535,0,2,1,0,4,0,320,3,10,2,3,0,25,24,0,0
97,G. Oristanio,Att,VEN,83.6,11.7,-0.3,8,8,535,1,15,5,0,15,0,66,13,13,17,1,0,7,6,1,0
98,S. Pavlovic,Dif,MIL,83.6,14.9,-0.6,5,4,361,1,3,2,0,1,0,247,2,3,3,1,0,10,12,2,0
99,S. Ricci,Cen,TOR,83.5,11.5,-0.5,8,8,684,0,6,2,0,3,0,297,4,3,22,1,0,7,6,2,0
100,R. Orsolini,Att,BOL,83.4,13.7,-0.8,7,7,472,2,19,6,1,11,0,99,4,10,9,0,0,4,2,0,0
101,S. Lobotka,Cen,NAP,83.0,13.5,-0.5,7,7,609,0,2,0,0,5,0,335,6,10,8,2,0,14,16,4,0
102,J. Tchatchoua,Dif,VER,82.7,9.1,0.1,8,8,717,1,4,1,0,3,1,173,11,5,1,4,0,13,13,2,0
103,F. Tomori,Dif,MIL,82.4,16.1,-1.4,7,6,542,0,2,0,0,0,0,385,1,2,2,1,0,14,8,1,0
104,M. Pasalic,Cen,ATA,82.3,13.0,-1.0,8,6,525,1,12,3,0,0,1,347,8,5,2,1,0,8,7,2,0
105,A. Dossena,Dif,COM,82.0,11.3,-0.2,7,7,600,0,5,2,0,1,1,304,1,7,3,0,0,15,12,0,0
106,C. Tengstedt,Att,VER,82.0,10.4,-0.1,8,7,582,3,12,4,1,6,0,77,4,2,6,2,0,4,2,2,0
107,Brenner,Att,UDI,81.9,8.8,0.3,8,5,383,1,7,4,0,3,2,79,5,0,5,0,0,5,6,1,0
108,B. Balogh,Dif,PAR,81.4,8.0,0.5,8,8,672,0,0,0,0,0,0,281,1,4,5,1,0,14,13,1,0
109,M. Pessina,Cen,MON,80.8,13.9,-1.1,8,8,670,0,3,0,0,2,0,291,2,3,12,1,0,13,13,1,0
110,J. Zemura,Dif,UDI,80.8,7.1,0.6,6,4,393,1,5,1,0,14,1,102,3,9,2,1,0,8,6,2,0
111,D. Zappacosta,Dif,ATA,80.6,13.5,-0.5,7,6,493,1,13,4,0,0,1,184,7,3,5,1,0,5,4,2,0
112,B. Djimsiti,Dif,ATA,80.6,12.5,-0.5,7,7,630,0,3,0,0,1,0,329,3,6,6,1,0,22,14,2,0
113,L. Ranieri,Dif,FIO,80.5,11.6,-0.4,7,6,576,0,2,0,0,2,1,307,4,7,2,1,0,9,4,3,0
114,F. Baschirotto,Dif,LEC,79.9,9.6,0.1,8,8,720,0,5,2,0,0,0,294,2,7,0,2,0,17,11,2,0
115,M. Perrone,Cen,COM,79.7,10.5,0.5,7,6,571,0,3,0,0,0,1,391,11,9,2,1,0,14,11,0,0
116,K. De Winter,Dif,GEN,78.9,10.7,-0.3,7,7,630,1,5,3,0,1,0,280,2,12,4,4,0,17,12,1,0
117,M. Frendrup,Cen,GEN,78.6,12.9,-0.6,7,7,605,0,2,1,0,3,0,190,2,11,6,2,0,23,20,1,0
118,Z. Celik,Dif,ROM,78.5,7.0,0.5,8,7,609,0,4,1,0,1,0,225,7,6,1,0,0,14,17,3,0
119,L. Colombo,Att,EMP,77.6,12.0,-1.0,8,7,520,2,10,3,1,8,1,66,6,7,6,1,0,4,5,3,0
120,R. Piccoli,Att,CAG,77.5,10.9,-0.6,8,8,671,2,26,5,0,3,0,79,4,10,9,1,0,1,1,1,0
121,I. Ilic,Cen,TOR,76.1,12.3,-0.7,7,6,510,1,9,4,0,3,0,229,5,4,13,2,0,5,2,2,0
122,C. Biraghi,Dif,FIO,75.2,12.8,-0.7,6,5,418,1,4,2,0,0,0,239,5,3,7,1,0,8,4,1,0
123,J. Joronen,Por,VEN,74.6,8.1,0.1,7,7,630,0,0,0,0,0,0,159,0,1,0,0,0,0,0,2,25
124,W. Bondo,Cen,MON,74.4,9.3,-0.2,8,7,639,0,2,0,0,1,0,220,1,10,14,0,0,13,13,2,0
125,Z. Suzuki,Por,PAR,74.2,10.6,-0.4,7,7,615,0,0,0,0,0,0,161,0,2,0,0,1,0,1,1,22
126,S. Mbangula,Att,JUV,74.1,5.5,0.5,5,4,305,1,2,1,0,1,2,97,7,2,4,0,0,7,9,2,0
127,Y. Mina,Dif,CAG,73.6,11.1,-0.4,7,7,563,0,10,2,0,2,0,306,1,9,10,2,0,11,12,0,0
128,Y. Fofana,Cen,MIL,73.6,13.9,-0.9,7,6,525,1,3,1,0,2,0,278,1,3,5,2,0,6,6,3,0
129,K. Linetty,Cen,TOR,73.3,8.6,0.1,7,6,517,1,3,1,0,3,0,185,5,9,6,2,0,9,13,2,0
130,L. Pellegrini,Cen,ROM,72.8,13.7,-1.3,8,7,615,0,18,5,0,5,1,172,15,8,10,1,0,4,7,3,0
131,D. Frattesi,Cen,INT,72.4,13.5,-1.5,8,3,423,1,10,1,0,4,1,104,3,2,8,0,0,5,6,1,0
132,M. Kempf,Dif,COM,72.2,9.5,0.5,6,6,540,0,5,1,0,0,0,349,1,3,1,0,0,18,5,0,0
133,S. McTominay,Cen,NAP,71.8,15.8,-0.2,5,4,376,1,7,2,0,4,1,83,1,4,7,0,0,12,7,3,0
134,A. Gudmundsson,Att,FIO,71.7,16.2,-0.8,4,3,202,3,6,3,2,3,0,52,0,1,6,0,0,2,0,1,0
135,M. Svoboda,Dif,VEN,71.2,10.6,-0.4,8,7,652,0,2,2,0,2,0,264,3,3,4,1,0,18,18,1,0
136,M. Gabbia,Dif,MIL,71.0,10.5,0.0,4,4,360,1,5,1,0,0,0,212,1,2,1,1,0,2,2,2,0
137,N. Barella,Cen,INT,70.5,16.8,-1.2,5,5,405,1,6,1,0,4,1,208,7,8,5,1,0,6,5,3,0
138,G. Zappa,Dif,CAG,70.0,8.1,0.1,8,8,675,0,0,0,0,3,0,270,5,7,6,1,0,13,12,1,0
139,Lazaro,Dif,TOR,69.9,8.4,-0.1,8,8,655,0,6,0,0,3,3,258,9,11,4,2,0,2,9,2,0
140,G. Isaksen,Att,LAZ,69.8,9.3,-0.2,8,5,423,1,6,2,0,6,1,101,6,3,9,2,0,3,3,0,0
141,Sergi Roberto,Cen,COM,69.6,10.4,-0.1,7,5,491,0,5,1,0,3,1,330,13,7,8,3,0,15,10,0,0
142,M. Brescianini,Cen,ATA,69.4,12.8,-1.2,6,4,367,2,5,3,0,3,0,88,3,8,4,0,0,1,2,1,0
143,H. Mkhitaryan,Cen,INT,69.4,14.0,-1.5,8,8,622,0,6,0,0,0,0,312,3,3,2,2,0,10,10,3,0
144,S. Scuffet,Por,CAG,68.8,8.8,-0.2,8,8,720,0,0,0,0,0,0,146,0,0,1,0,0,0,0,1,24
145,S. Goglichidze,Dif,EMP,68.3,5.0,1.0,6,6,529,0,0,0,0,0,0,144,1,6,3,0,0,15,16,3,0
146,A. Romagnoli,Dif,LAZ,68.2,12.9,-1.1,7,7,564,0,3,2,0,0,0,327,1,8,2,1,1,13,8,0,0
147,Mario Gila,Dif,LAZ,67.9,13.3,-0.7,5,5,450,1,5,2,0,0,0,251,3,5,5,2,0,12,10,0,0
148,L. Montipo,Por,VER,67.8,8.6,-0.4,8,8,720,0,0,0,0,0,0,95,0,0,2,0,0,0,0,2,23
149,M. Olivera,Dif,NAP,67.5,11.5,-1.0,8,5,498,0,1,0,0,1,0,152,8,9,3,0,0,8,13,3,0
150,F. Zampano,Dif,VEN,67.0,7.2,0.2,8,7,658,0,3,2,0,5,0,147,2,6,5,1,0,14,14,2,0
151,G. Kastanos,Cen,VER,66.7,8.0,0.0,7,4,306,1,5,2,0,0,1,63,3,3,7,1,0,7,5,0,0
152,A. Carboni,Dif,MON,66.6,10.3,-0.2,6,6,529,0,1,0,0,2,0,246,1,9,6,2,0,14,13,1,0
153,P. Gollini,Por,GEN,66.5,11.2,-0.8,7,7,630,0,0,0,0,0,0,185,0,0,0,1,0,0,0,1,18
154,A. Gallo,Dif,LEC,66.2,9.9,-0.6,8,8,669,0,4,1,0,5,0,191,15,2,5,1,1,15,13,2,0
155,E. Delprato,Dif,PAR,65.9,9.7,-0.3,7,5,552,1,2,1,0,0,0,229,6,1,1,1,0,6,2,1,0
156,Alvaro Morata,Att,MIL,65.9,16.4,-1.6,6,4,352,2,6,4,0,2,0,62,4,8,7,2,0,5,2,1,0
157,J. Cabal,Dif,JUV,65.8,11.7,-0.3,4,4,302,0,3,0,0,3,0,181,1,4,7,0,0,4,5,3,0
158,N. Moro,Cen,BOL,65.7,7.7,0.2,6,5,384,0,6,1,0,3,1,200,9,7,2,0,0,11,8,1,0
159,R. Bellanova,Dif,ATA,65.4,14.1,-1.4,7,7,557,0,5,1,0,5,0,161,4,1,10,1,0,9,6,1,0
160,David Neres,Att,NAP,65.4,14.6,-1.4,7,0,77,1,4,2,0,5,3,31,3,2,1,0,0,1,1,0,0
161,Aaron Martin,Dif,GEN,65.3,7.7,0.2,7,7,621,0,5,2,0,1,1,145,13,11,5,1,0,16,18,1,0
162,K. Ehizibue,Dif,UDI,65.2,6.7,0.2,8,8,668,0,6,1,0,1,1,116,6,14,11,3,0,17,14,2,0
163,P. Almqvist,Att,PAR,64.8,10.7,-0.8,7,1,220,1,6,4,0,3,1,64,2,4,3,0,0,8,5,0,0
164,A. Candela,Dif,VEN,64.6,7.9,-0.1,7,7,621,0,4,0,0,6,1,157,5,5,2,1,0,12,12,2,0
165,W. Falcone,Por,LEC,64.5,8.9,-0.6,8,8,720,0,0,0,0,0,0,119,0,0,3,1,0,0,1,2,24
166,J. Karlstrom,Cen,UDI,64.3,8.5,0.0,8,7,636,0,2,0,0,0,0,216,4,5,2,1,0,14,12,2,0
167,J. Idzes,Dif,VEN,64.0,10.4,-0.6,7,7,608,0,4,1,0,1,0,267,1,13,3,1,0,8,7,2,0
168,A. Hainaut,Cen,PAR,63.5,5.0,1.0,6,2,255,1,3,2,0,4,0,74,2,2,6,0,0,8,7,0,0
169,B. Pierret,Cen,LEC,63.5,6.1,0.6,8,7,457,0,1,0,0,3,0,181,4,9,2,1,0,9,12,1,0
170,Alberto Moreno,Dif,COM,63.4,8.8,-0.2,8,8,692,0,7,4,0,2,0,310,11,9,5,3,0,12,11,0,0
171,P. Dybala,Att,ROM,63.3,16.6,-1.9,6,4,364,1,12,2,1,2,0,145,13,0,12,0,0,4,7,1,0
172,V. Mihaila,Att,PAR,63.3,8.6,-0.4,8,6,458,0,17,6,0,5,1,112,6,8,13,2,0,4,12,0,0
173,M. Soule,Att,ROM,63.1,15.2,-1.8,7,5,401,0,9,4,0,9,0,187,10,4,12,1,0,4,3,2,0
174,T. Augello,Dif,CAG,62.3,7.8,-0.2,8,7,584,0,2,0,0,8,0,182,6,5,3,0,0,10,11,1,0
175,Vitinha,Att,GEN,62.2,11.1,-0.9,7,6,503,0,14,3,0,11,1,52,2,3,12,0,0,8,10,1,0
176,J. Pohjanpalo,Att,VEN,62.0,12.8,-1.2,6,6,482,2,8,4,0,3,0,76,7,2,6,0,0,4,1,1,0
177,S. Posch,Dif,BOL,61.8,12.7,-1.3,7,6,552,0,1,0,0,3,0,265,10,13,14,1,0,16,20,0,0
178,G. Busio,Cen,VEN,61.7,11.5,-0.5,5,4,393,1,10,3,0,1,0,119,6,6,2,1,0,5,6,1,0
179,M. Carnesecchi,Por,ATA,61.4,12.8,-1.2,7,7,630,0,0,0,0,0,0,131,0,0,1,0,0,0,0,1,19
180,P. Dorgu,Dif,LEC,61.4,10.7,-0.8,7,7,585,1,15,3,0,1,0,137,6,5,20,1,1,14,14,0,0
181,A. Bianco,Cen,MON,61.3,5.4,0.4,6,3,289,1,3,1,0,2,0,135,3,6,6,0,0,8,8,0,0
182,Y. Adli,Cen,FIO,61.3,10.0,-0.5,6,2,197,1,1,1,0,2,1,122,5,0,3,1,0,6,6,0,0
183,J. Vasquez,Dif,GEN,60.9,11.4,-1.1,8,7,660,0,5,0,0,0,0,288,3,8,3,1,0,14,6,1,0
184,M. Lazzari,Dif,LAZ,60.4,10.0,-0.5,7,7,501,0,0,0,0,5,0,196,10,3,7,0,0,7,7,0,0
185,S. Walukiewicz,Dif,TOR,60.3,8.5,-0.5,7,5,513,0,3,0,0,1,0,221,1,9,0,2,0,10,7,2,0
186,T. Baldanzi,Cen,ROM,59.9,8.5,-0.5,8,0,167,1,8,1,0,3,1,57,3,1,5,0,0,6,5,0,0
187,E. Bove,Cen,FIO,59.4,8.8,-0.2,6,5,433,0,5,1,0,4,1,120,6,8,14,2,0,9,10,1,0
188,L. Giannetti,Dif,UDI,59.3,9.6,-0.4,4,4,300,1,1,1,0,0,0,110,0,3,0,3,0,12,6,1,0
189,M. Aebischer,Cen,BOL,58.7,9.8,-0.7,7,5,378,0,5,2,0,1,0,166,6,8,8,0,0,9,7,0,0
190,N. Fagioli,Cen,JUV,58.5,12.0,-1.0,7,3,374,0,8,1,0,2,0,293,4,7,2,3,0,8,9,3,0
191,Zito Luvumbo,Att,CAG,58.3,10.1,-0.9,8,7,529,0,10,1,0,7,1,64,8,16,15,0,0,0,1,1,0
192,S. Sohm,Cen,PAR,58.0,7.0,0.0,8,7,522,0,7,3,0,2,0,144,2,6,3,1,0,8,4,1,0
193,M. Ruggeri,Dif,ATA,57.7,11.5,-1.0,6,5,464,0,0,0,0,1,1,236,3,4,2,0,0,9,4,1,0
194,D. Ndoye,Att,BOL,57.3,12.7,-1.3,6,5,413,0,12,5,0,10,1,95,5,5,21,0,0,1,1,1,0
195,Hernani,Cen,PAR,57.2,8.3,-0.2,5,4,327,1,6,1,1,1,1,114,10,4,6,0,0,7,7,1,0
196,I. Van der Brempt,Dif,COM,56.5,9.1,0.1,5,4,398,0,3,1,0,5,0,177,3,5,5,1,0,17,16,0,0
197,A. Grassi,Cen,EMP,56.4,8.3,-0.2,6,6,463,0,1,1,0,1,0,151,3,6,6,2,0,13,11,3,0
198,F. Parisi,Dif,FIO,56.0,10.9,-0.6,4,1,146,1,3,3,0,3,0,57,0,4,5,0,0,5,6,1,0
199,H. Nicolussi,Cen,VEN,55.5,7.3,-0.2,6,5,389,0,7,3,0,3,1,124,6,8,7,0,1,6,9,0,0
200,C. Lykogiannis,Dif,BOL,55.1,8.7,-0.3,5,5,405,0,2,1,0,1,1,184,6,3,2,0,0,5,5,1,0
201,L. Samardzic,Cen,ATA,55.1,13.0,-1.5,6,1,236,1,12,4,0,3,0,103,11,4,3,0,0,2,2,0,0
202,E. Valeri,Dif,PAR,55.1,8.3,-0.2,6,6,413,0,2,0,0,2,1,81,2,5,6,0,0,11,6,1,0
203,M. Kone,Cen,ROM,55.1,14.3,-0.7,6,4,316,0,9,3,0,2,0,166,3,3,9,0,0,7,5,0,0
204,Pedro Pereira,Dif,MON,54.9,5.7,0.2,7,6,493,0,2,1,0,2,1,118,2,9,2,0,0,7,7,1,0
205,L. Martinez Quarta,Dif,FIO,54.7,13.2,-1.3,5,3,218,1,3,1,0,1,0,131,1,5,1,0,0,6,10,0,0
206,T. Koopmeiners,Cen,JUV,54.5,18.1,-1.9,5,4,360,0,10,2,0,2,1,188,12,4,2,0,0,4,6,3,0
207,D. Coppola,Dif,VER,54.4,9.8,-0.7,7,6,541,0,0,0,0,0,0,214,0,11,0,3,0,15,9,2,0
208,A. Meret,Por,NAP,53.6,13.7,-1.3,5,5,396,0,0,0,0,0,0,75,0,1,1,0,0,0,0,2,9
209,R. Loftus-Cheek,Cen,MIL,53.6,14.0,-2.0,7,4,419,0,5,1,0,4,0,160,7,6,13,1,0,3,7,1,0
210,E. Caprile,Por,NAP,53.6,12.3,-0.7,4,3,324,0,0,0,0,0,0,72,0,0,0,0,0,0,0,2,7
211,N. Viola,Cen,CAG,52.9,8.1,-0.4,5,3,236,1,7,4,0,3,0,59,3,4,8,0,0,6,4,0,0
212,L. Henderson,Cen,EMP,52.8,6.1,0.1,8,6,560,0,3,0,0,3,0,142,11,16,5,1,0,7,7,4,0
213,W. Coulibaly,Dif,PAR,52.8,7.7,-0.3,7,6,547,0,1,0,0,6,1,205,4,5,4,1,1,8,8,0,0
214,S. Chukwueze,Att,MIL,52.7,11.4,-1.6,8,3,271,1,9,2,0,3,0,57,5,1,5,0,0,2,3,1,0
215,J. Odgaard,Att,BOL,52.5,9.0,-0.5,6,3,292,1,8,2,0,2,0,72,1,10,5,0,0,5,5,0,0
216,M. Vojvoda,Dif,TOR,52.4,8.1,-0.4,7,6,461,0,2,0,0,0,0,256,3,6,2,2,0,6,8,1,0
217,N. Pisilli,Cen,ROM,52.3,4.8,0.3,6,3,282,1,9,3,0,1,0,151,4,10,4,3,0,5,6,2,0
218,N. Okafor,Att,MIL,52.1,8.8,-0.7,7,3,265,1,8,4,0,9,0,41,3,4,2,0,0,0,1,0,0
219,Paulo Azzi,Dif,CAG,51.8,5.6,0.1,5,4,337,0,8,3,0,5,0,88,5,3,3,1,0,10,8,1,0
220,A. Sanabria,Att,TOR,51.7,10.7,-0.8,5,4,308,2,8,2,0,0,0,63,3,4,7,1,0,1,1,0,0
221,L. Mazzitelli,Cen,COM,51.4,11.0,-1.0,6,2,194,0,4,1,0,3,1,99,4,2,2,0,0,8,9,0,0
222,M. Badelj,Cen,GEN,51.3,9.4,-0.6,6,6,403,0,3,0,0,1,0,166,7,2,7,0,0,7,4,1,0
223,M. Kofod Andersen,Cen,VEN,51.0,5.5,0.0,5,3,268,1,4,1,0,1,0,98,3,1,2,0,0,3,5,2,0
224,T. Anjorin,Cen,EMP,50.8,8.4,-0.1,5,4,299,0,4,0,0,6,1,104,2,5,9,0,0,8,10,1,0
225,M. Ellertsson,Cen,VEN,50.7,5.5,0.0,7,6,477,0,8,1,0,5,1,58,8,3,9,0,0,3,7,2,0
226,A. Duncan,Cen,VEN,50.5,9.8,-0.7,5,5,424,0,4,1,0,6,0,155,4,9,7,1,0,9,10,1,0
227,M. Cancellieri,Att,PAR,50.4,8.1,-0.4,7,3,265,1,5,1,0,8,0,36,3,6,10,0,1,6,4,0,0
228,O. Duda,Cen,VER,50.3,10.6,-0.9,6,5,447,0,4,2,0,5,1,199,9,7,12,5,0,9,5,2,0
229,M. Adopo,Cen,CAG,49.9,6.4,-0.1,6,3,323,0,2,0,0,3,1,105,5,4,1,1,0,9,9,0,0
230,G. Fabbian,Cen,BOL,49.7,9.4,-1.1,7,3,314,1,8,2,0,0,0,45,1,6,4,1,0,6,6,0,0
231,Douglas Luiz,Cen,JUV,49.1,13.9,-2.1,7,2,268,0,4,2,0,9,0,184,8,4,3,1,0,4,5,2,0
232,P. Mazzocchi,Dif,NAP,48.9,6.8,-0.2,7,4,364,0,2,1,0,5,0,92,4,4,2,1,0,5,4,2,0
233,T. Abraham,Att,MIL,48.8,12.7,-1.8,7,4,354,1,14,8,1,0,1,39,4,9,2,0,0,2,4,2,0
234,I. Hien,Dif,ATA,48.7,13.2,-1.3,5,5,340,0,2,0,0,1,0,157,0,6,2,2,0,13,4,1,0
235,F. Guilbert,Dif,LEC,48.5,8.8,-0.2,5,5,378,0,3,0,0,2,0,113,4,3,5,0,1,12,10,2,0
236,A. Marusic,Dif,LAZ,47.7,10.6,-1.4,8,3,391,0,1,1,0,2,0,160,2,2,5,0,0,7,6,0,0
237,S. Turati,Por,MON,47.6,11.0,-0.7,5,5,450,0,0,0,0,0,0,106,0,0,2,0,0,0,0,1,15
238,I. Provedel,Por,LAZ,47.3,11.8,-1.7,8,8,720,0,0,0,0,0,0,167,1,0,0,0,0,0,0,0,18
239,N. Zortea,Dif,CAG,47.2,10.5,-1.0,5,4,377,1,5,1,0,4,0,84,6,4,6,0,0,5,6,0,0
240,A. Belotti,Att,COM,46.8,12.0,-1.5,6,3,208,1,7,1,0,1,0,32,3,3,6,0,0,4,3,0,0
241,K. Thuram,Cen,JUV,46.8,12.6,-1.4,6,3,251,0,4,0,0,5,1,171,1,8,2,2,0,3,2,2,0
242,C. Kouame,Att,FIO,46.7,8.9,-0.6,7,3,343,0,4,1,0,2,1,86,8,7,11,0,0,6,8,2,0
243,L. Spinazzola,Dif,NAP,46.3,13.0,-2.0,7,3,235,0,2,0,0,3,1,74,3,0,0,0,0,3,3,1,0
244,Francisco Conceicao,Att,JUV,45.8,15.3,-0.7,3,1,162,1,5,3,0,7,0,58,4,2,8,0,1,4,4,0,0
245,S. Lovric,Cen,UDI,45.7,8.3,-0.7,7,5,383,0,7,0,0,4,0,109,2,13,6,0,0,9,7,1,0
246,M. Erlic,Dif,BOL,45.1,9.3,-0.7,4,3,221,0,4,0,0,0,0,150,0,3,6,0,0,1,2,1,0
247,L. Skorupski,Por,BOL,44.8,11.8,-1.2,5,5,450,0,0,0,0,0,0,130,0,1,0,1,0,0,0,0,10
248,P. Dawidowicz,Dif,VER,44.5,9.1,-0.9,5,5,381,0,0,0,0,1,0,180,0,7,3,1,1,9,8,2,0
249,S. El Shaarawy,Att,ROM,44.5,9.7,-0.8,5,4,256,0,7,2,0,3,1,98,5,0,0,0,0,5,3,1,0
250,S. Sabelli,Dif,GEN,44.4,7.4,-0.6,7,5,386,0,3,0,0,0,1,57,5,5,4,0,0,9,11,1,0
251,Y. Musah,Cen,MIL,44.2,8.3,-0.7,6,1,192,0,7,0,0,2,1,120,5,4,1,0,0,7,6,0,0
252,A. Vogliacco,Dif,GEN,44.1,7.7,-0.8,5,3,285,1,2,1,0,0,0,104,1,5,1,0,0,7,8,0,0
253,H. Kamara,Dif,UDI,43.6,8.2,-0.8,6,4,356,0,2,1,0,3,1,94,8,4,4,2,1,11,10,0,0
254,G. Magnani,Dif,VER,43.3,7.9,-0.6,7,4,385,0,7,0,0,0,0,139,1,2,4,1,0,12,8,0,0
255,D. Dumfries,Dif,INT,43.2,14.0,-2.0,6,1,180,1,4,4,0,0,0,48,3,8,2,1,0,4,3,0,0
256,T. Noslin,Att,LAZ,43.0,11.6,-1.9,7,3,235,1,3,1,0,2,0,54,3,7,1,0,0,1,1,0,0
257,M. Frese,Dif,VER,42.7,7.1,-0.4,5,3,335,0,0,0,0,0,0,97,4,7,7,0,0,13,13,1,0
258,G. Caprari,Att,MON,42.2,6.6,-0.4,8,3,274,0,1,0,0,1,1,83,7,3,6,1,0,2,3,1,0
259,S. Kolasinac,Dif,ATA,42.2,12.3,-1.2,4,4,349,0,2,0,0,2,0,207,1,9,3,0,0,11,7,0,0
260,N. Casale,Dif,BOL,42.2,10.7,-1.3,6,5,386,0,1,1,0,0,0,223,0,6,2,0,0,7,8,0,0
261,M. Sverko,Dif,VEN,42.2,7.0,-0.5,5,4,353,0,2,0,0,1,0,155,0,2,1,0,0,9,4,1,0
262,Juan Miranda,Dif,BOL,42.1,10.3,-1.2,6,3,315,0,3,1,0,0,0,186,7,3,6,0,0,9,10,0,0
263,N. Vlasic,Cen,TOR,41.9,12.2,-0.8,3,1,116,1,4,1,1,1,2,43,2,2,1,0,0,2,1,0,0
264,L. Coulibaly,Cen,LEC,41.6,9.8,-1.2,8,3,391,0,2,1,0,1,0,119,4,5,5,0,0,7,7,0,0
265,M. Perin,Por,JUV,41.5,6.5,-0.5,2,2,180,0,0,0,0,0,0,40,0,0,0,0,0,0,0,2,5
266,I. Toure,Dif,UDI,41.4,10.9,-0.1,4,3,285,0,0,0,0,0,0,150,1,5,3,0,0,7,3,1,0
267,P. Terracciano,Por,FIO,41.1,12.0,-1.0,3,3,270,0,0,0,0,0,0,56,0,0,0,0,0,0,0,1,11
268,J. Fazzini,Cen,EMP,40.8,8.3,-0.7,5,5,383,0,5,1,0,7,0,59,2,6,7,1,0,5,8,1,0
269,J. Ekkelenkamp,Cen,UDI,40.3,8.5,-1.0,8,2,308,0,4,1,0,1,0,104,0,3,3,0,0,7,6,1,0
270,M. Bani,Dif,GEN,39.8,10.4,-1.1,5,5,360,0,3,1,0,1,0,132,0,2,2,1,0,9,2,0,0
271,Dailon Livramento,Att,VER,39.8,8.0,-1.0,6,3,266,1,5,1,0,0,0,16,2,4,2,1,0,7,6,1,0
272,B. Sosa,Dif,TOR,39.6,11.3,-1.2,5,3,254,0,1,1,0,0,0,108,1,0,0,0,0,7,4,1,0
273,T. Weah,Cen,JUV,39.5,7.4,-0.6,4,1,149,1,2,1,0,2,0,64,4,1,0,0,0,2,4,0,0
274,R. Malinovskyi,Cen,GEN,38.9,9.9,-1.1,5,2,224,0,6,2,0,1,0,104,3,7,2,1,0,7,8,0,0
275,S. Pizzignacco,Por,MON,37.9,10.5,-1.0,3,3,270,0,0,0,0,0,0,71,0,0,1,0,0,0,0,1,6
276,A. Deiola,Cen,CAG,37.7,6.6,-0.4,7,5,406,0,5,0,0,1,0,80,2,7,3,2,0,7,10,1,0
277,J. Ekhator,Att,GEN,37.7,6.0,0.0,6,0,99,1,2,1,0,0,1,20,2,3,3,0,0,0,0,0,0
278,F. Ravaglia,Por,BOL,37.6,9.3,-0.7,3,3,270,0,0,0,0,0,0,80,1,0,2,0,0,0,0,1,6
279,K. Davis,Att,UDI,37.3,9.6,-1.4,8,1,238,0,6,0,0,5,1,58,7,7,6,1,0,4,4,0,0
280,R. Mandragora,Cen,FIO,36.8,8.6,-0.9,5,4,270,0,6,3,0,0,0,124,5,6,6,3,0,5,1,0,0
281,Junior Messias,Cen,GEN,36.8,9.2,-0.8,3,3,266,1,8,4,0,3,0,38,4,1,5,0,0,4,4,1,0
282,K. Urbanski,Att,BOL,36.7,7.7,-0.8,4,1,159,1,3,1,0,2,0,76,7,3,3,1,0,3,5,0,0
283,Tete Morente,Att,LEC,36.7,6.9,-0.6,8,4,365,0,3,0,0,2,0,94,5,3,2,1,0,4,4,1,0
284,J. Lucumi,Dif,BOL,36.3,12.0,-1.5,5,3,304,0,1,0,0,0,0,270,0,5,0,2,1,6,5,0,0
285,G. Simeone,Att,NAP,35.9,8.2,-1.3,7,1,164,1,5,1,0,0,0,30,4,4,7,0,0,1,0,0,0
286,A. Makoumbou,Cen,CAG,35.2,8.6,-0.9,5,4,293,0,2,0,0,0,0,121,0,4,4,0,0,5,3,0,0
287,E. Audero,Por,COM,34.9,9.1,-0.9,5,5,450,0,0,0,0,0,0,124,0,0,1,0,0,0,0,0,11
288,Dani Silva,Cen,VER,34.8,5.5,-0.5,5,3,240,0,1,0,0,0,0,106,1,0,3,0,0,5,4,0,0
289,L. Beltran,Att,FIO,34.2,11.2,-1.3,4,1,169,1,6,2,0,0,0,74,2,1,3,0,0,1,1,1,0
290,S. Iling-Junior,Cen,BOL,34.1,11.8,-0.7,3,0,91,1,4,1,0,3,0,52,1,1,0,0,0,3,2,0,0
291,T. Suslov,Cen,VER,33.9,11.5,-1.5,5,4,309,0,3,0,0,5,0,52,5,10,6,1,1,8,10,1,0
292,L. da Cunha,Att,COM,33.9,9.3,-1.2,6,3,214,0,5,1,0,0,0,90,3,1,4,0,0,2,6,0,0
293,H. Rafia,Cen,LEC,33.2,7.4,-0.6,6,2,226,0,5,1,0,1,0,105,5,9,5,2,0,6,8,0,0
294,L. Banda,Att,LEC,32.6,10.0,-1.5,6,2,285,0,7,2,0,5,0,66,7,6,8,1,0,3,3,1,0
295,Oier Zarraga,Cen,UDI,32.0,5.5,-0.5,5,3,271,0,3,0,0,1,0,84,2,1,3,0,0,2,3,1,0
296,A. Richardson,Cen,FIO,32.0,9.1,-0.9,4,1,162,0,1,1,0,5,0,112,1,3,2,2,0,3,7,1,0
297,J. Palomino,Dif,CAG,31.4,8.9,-1.1,4,0,112,1,1,1,0,0,0,54,0,1,1,0,0,2,1,0,0
298,M. Vecino,Cen,LAZ,31.3,8.8,-1.2,5,1,169,0,4,1,0,0,1,72,2,4,0,1,0,3,2,0,0
299,A. Rebic,Att,LEC,31.1,11.0,-1.5,6,5,308,0,4,1,0,2,0,58,11,9,4,1,0,4,5,1,0
300,A. Tameze,Cen,TOR,31.0,8.7,-1.3,6,3,239,0,0,0,0,1,0,86,3,2,1,1,0,5,2,0,0
301,A. Circati,Dif,PAR,30.6,8.0,-1.0,4,4,360,0,0,0,0,0,0,149,0,3,2,1,0,5,4,0,0
302,Danilo,Dif,JUV,29.8,14.2,-1.8,4,1,132,0,0,0,0,0,0,131,2,4,0,0,0,2,1,1,0
303,O. Solbakken,Att,EMP,29.8,4.3,-0.2,7,3,296,0,2,2,0,3,0,46,3,5,0,1,0,3,2,0,0
304,M. Payero,Cen,UDI,29.8,9.6,-1.4,5,3,232,0,4,0,0,7,0,60,2,10,4,1,0,4,4,0,0
305,M. Taremi,Att,INT,29.7,12.8,-2.2,6,1,187,0,4,2,0,1,1,45,2,2,1,0,0,1,2,1,0
306,A. Saelemaekers,Cen,ROM,29.4,11.7,-1.3,3,3,202,0,1,1,0,2,0,90,3,1,3,1,0,4,5,1,0
307,S. de Vrij,Dif,INT,28.8,12.8,-1.7,4,1,176,0,0,0,0,0,0,132,0,0,0,0,0,3,2,1,0
308,N. Zalewski,Cen,ROM,28.8,7.2,-0.8,5,2,284,0,2,0,0,0,0,90,9,1,9,0,0,5,5,1,0
309,Pedro,Att,LAZ,28.7,5.8,-0.7,4,0,65,1,2,1,0,1,0,27,1,3,3,1,0,1,2,0,0
310,S. Pierotti,Att,LEC,28.2,5.8,-0.7,7,0,150,0,6,1,0,3,0,29,4,8,1,0,0,5,5,0,0
311,E. Shomurodov,Att,ROM,27.4,6.5,-1.0,4,0,34,1,3,3,0,1,0,12,1,2,0,1,0,0,0,0,0
312,R. Haps,Dif,VEN,26.6,5.8,-0.7,5,3,293,0,9,1,0,0,0,54,1,0,3,1,0,5,7,1,0
313,B. Gilmour,Cen,NAP,26.5,12.1,-1.4,5,1,111,0,1,0,0,1,0,71,1,4,1,0,0,3,5,1,0
314,F. Dele-Bashiru,Cen,LAZ,26.1,8.4,-1.1,3,2,159,0,2,0,0,4,0,63,1,2,0,0,0,3,4,0,0
315,G. Gaetano,Cen,CAG,25.7,9.5,-1.5,5,1,164,0,8,0,0,3,1,35,5,4,3,0,0,4,4,0,0
316,Y. Maleh,Cen,EMP,25.6,8.0,-1.1,4,3,267,0,3,1,0,0,0,58,1,5,3,1,0,6,4,2,0
317,K. Asllani,Cen,INT,25.4,9.5,-1.5,5,1,142,0,3,1,0,0,0,144,3,2,3,2,0,0,4,0,0
318,L. Caldirola,Dif,MON,25.2,9.7,-1.3,3,2,191,0,1,0,0,0,0,140,0,6,2,1,0,0,0,1,0
319,E. Ekong,Att,EMP,25.2,4.1,0.1,6,0,73,0,2,0,0,6,0,13,1,0,2,0,0,3,3,0,0
320,G. Gineitis,Cen,TOR,25.1,7.4,-1.1,4,1,116,0,4,1,0,0,1,34,3,1,0,0,0,2,4,0,0
321,Carlos Augusto,Dif,INT,24.5,9.6,-1.9,6,1,185,0,1,0,0,0,0,101,0,4,1,0,0,3,3,0,0
322,M. Thiaw,Dif,MIL,24.5,12.2,-1.3,2,2,180,0,1,1,0,0,0,96,0,1,0,0,0,3,2,1,0
323,P. Reina,Por,COM,24.3,7.0,-1.0,3,3,270,0,0,0,0,0,0,54,0,0,0,0,0,0,0,0,9
324,R. Oudin,Cen,LEC,24.2,7.4,-1.1,5,2,139,0,2,1,0,2,0,32,3,1,0,0,0,1,2,0,0
325,N. Gonzalez,Att,JUV,24.1,14.4,-2.1,4,3,226,0,2,0,0,2,0,57,3,2,6,0,0,1,3,3,0
326,G. Castrovilli,Cen,LAZ,23.7,11.2,-1.8,5,1,115,0,2,0,0,1,0,44,2,3,1,0,0,4,4,0,0
327,P. Zielinski,Cen,INT,23.7,12.6,-1.9,4,0,68,0,3,1,0,1,0,74,3,2,2,0,0,3,3,0,0
328,J. Yeboah,Cen,VEN,23.2,7.5,-0.5,4,0,91,0,2,1,0,3,1,24,1,1,2,1,0,2,2,0,0
329,F. Miretti,Cen,GEN,23.1,8.5,-1.0,3,3,201,0,2,0,0,2,0,36,1,2,3,0,0,5,5,0,0
330,W. McKennie,Cen,JUV,23.0,9.2,-1.3,4,2,193,0,1,0,0,1,0,85,0,3,2,1,0,2,3,2,0
331,C. Gytkjaer,Att,VEN,23.0,6.4,-1.1,7,2,179,0,3,0,0,1,0,22,1,3,0,0,0,2,1,0,0
332,Patric,Dif,LAZ,22.7,11.4,-1.6,4,2,288,0,0,0,0,0,0,155,0,2,1,2,0,5,5,0,0
333,Y. Bisseck,Dif,INT,22.7,9.1,-1.4,4,3,244,0,3,0,0,0,0,196,0,3,3,1,0,4,2,0,0
334,M. Lambourde,Att,VER,22.7,6.9,-0.6,2,0,5,1,1,1,0,1,0,1,1,0,0,0,0,0,1,0,0
335,S. Birindelli,Dif,MON,22.6,6.9,-1.1,2,2,175,0,1,1,0,0,0,51,1,3,1,0,0,3,4,1,0
336,G. Raspadori,Att,NAP,22.5,7.4,-1.1,4,2,194,0,7,1,0,3,0,49,3,3,4,1,0,2,2,1,0
337,D. Calabria,Dif,MIL,22.3,10.7,-1.3,2,2,150,0,1,1,0,0,0,97,1,3,2,0,0,5,3,0,0
338,I. Doumbia,Cen,VEN,22.3,4.0,-0.5,6,1,141,0,3,1,0,0,0,43,1,1,1,0,0,2,3,0,0
339,E. Holm,Dif,BOL,21.9,9.6,-1.4,3,1,97,0,0,0,0,1,0,47,2,1,1,0,0,4,4,1,0
340,J. Ikone,Att,FIO,21.9,7.6,-1.4,5,0,107,0,3,2,0,3,0,25,1,1,1,0,0,1,2,0,0
341,E. Le Fee,Cen,ROM,21.8,12.9,-1.6,3,1,100,0,3,1,0,2,0,68,3,2,2,0,0,3,2,1,0
342,T. Dallinga,Att,BOL,21.8,12.2,-2.3,5,1,130,0,3,1,0,1,0,29,2,4,2,0,0,2,3,0,0
343,F. Daniliuc,Dif,VER,21.7,9.6,-0.9,4,2,251,0,1,0,0,1,0,79,0,1,0,0,0,5,3,0,0
344,Y. Osorio,Dif,PAR,21.6,7.0,-1.0,3,2,172,0,1,0,0,0,0,103,1,5,2,0,0,6,5,0,0
345,G. Altare,Dif,VEN,21.4,7.3,-1.2,3,2,193,0,3,1,0,0,0,64,0,5,1,1,0,8,6,1,0
346,L. Tchaouna,Att,LAZ,20.9,10.5,-2.0,6,1,141,0,4,2,0,2,0,31,2,1,0,0,0,2,3,0,0
347,O. Kossounou,Dif,ATA,20.9,13.0,-1.0,2,2,153,0,2,1,0,0,0,88,0,4,2,1,0,5,3,0,0
348,F. Terracciano,Dif,MIL,20.7,5.6,-0.9,2,2,180,0,1,0,0,0,0,63,0,3,3,2,0,4,4,1,0
349,M. Berisha,Cen,LEC,20.7,4.6,-0.9,3,1,82,0,5,3,0,0,0,39,3,2,2,0,0,1,2,1,0
350,L. Paredes,Cen,ROM,20.6,12.4,-1.6,3,1,103,0,3,0,0,0,1,74,2,1,0,0,0,3,1,0,0
351,D. Ghilardi,Dif,VER,20.6,7.5,-1.0,2,2,179,0,3,2,0,0,0,91,1,3,2,1,0,4,3,0,0
352,N. Zaniolo,Att,ATA,20.2,13.0,-2.0,4,0,75,0,5,0,0,2,1,22,4,2,3,1,0,0,0,0,0
353,N. Haas,Cen,EMP,20.2,4.0,0.0,7,0,105,0,0,0,0,0,0,25,0,7,2,1,0,3,4,0,0
354,A. Harroui,Cen,VER,20.1,10.7,-1.8,4,2,170,0,5,1,0,3,0,42,0,3,1,1,0,1,2,1,0
355,A. Haj Mohamed,Att,PAR,20.0,4.0,0.0,2,0,35,0,2,1,0,0,2,19,2,0,2,1,0,1,0,0,0
356,G. Maripan,Dif,TOR,19.8,13.6,-1.4,3,2,122,0,0,0,0,0,0,141,0,1,0,0,1,1,2,0,0
357,C. Ekuban,Att,GEN,19.6,7.3,-1.2,4,2,210,0,6,1,0,2,0,20,2,3,5,0,0,1,1,0,0
358,M. Prati,Cen,CAG,19.4,7.7,-1.3,3,3,177,0,0,0,0,0,0,63,2,4,2,1,0,4,4,1,0
359,A. Obert,Dif,CAG,19.3,6.0,-1.0,3,2,163,0,1,0,0,1,0,37,0,5,1,1,0,7,2,0,0
360,A. Iovine,Cen,COM,19.3,5.5,-1.0,3,3,225,0,0,0,0,0,0,64,1,2,2,1,0,3,1,0,0
361,E. Bohinen,Cen,GEN,19.1,6.0,-1.0,3,1,165,0,2,0,0,0,0,69,3,3,3,0,0,5,4,0,0
362,Hermoso,Dif,ROM,19.0,12.4,-1.6,5,0,82,0,0,0,0,2,0,36,0,2,0,0,0,2,1,0,0
363,R. Sottil,Att,FIO,18.6,10.6,-1.9,5,0,91,0,5,1,0,0,0,33,2,0,4,0,0,1,0,0,0
364,E. Goldaniga,Dif,COM,18.6,7.3,-1.2,5,1,133,0,0,0,0,0,0,79,0,0,2,1,0,3,2,0,0
365,J. Rouhi,Dif,JUV,18.6,4.5,-1.0,2,1,87,0,0,0,0,2,0,53,0,1,0,0,0,1,0,1,0
366,D. Bradaric,Dif,VER,18.4,7.9,-0.6,3,2,170,0,1,1,0,2,0,69,5,3,1,1,0,1,2,0,0
367,M. Thorsby,Cen,GEN,17.8,5.9,-1.1,7,3,287,0,2,0,0,0,0,37,7,13,4,1,0,3,4,0,0
368,J. Cuadrado,Dif,ATA,17.7,13.6,-1.4,3,0,107,0,4,1,0,3,0,55,3,0,5,0,0,0,1,0,0
369,M. Braunoder,Cen,COM,17.4,6.3,-1.2,3,2,137,0,0,0,0,1,0,46,0,4,1,1,0,2,5,0,0
370,Iker Bravo,Att,UDI,17.4,6.4,-1.1,5,1,111,0,1,1,0,1,0,27,2,2,1,1,0,2,2,0,0
371,A. Zanoli,Dif,GEN,16.9,7.4,-1.6,6,3,330,0,0,0,0,1,0,59,1,7,2,0,0,1,2,0,0
372,G. Charpentier,Att,PAR,16.7,4.6,-0.9,4,0,74,0,1,1,0,1,0,11,0,6,3,0,0,1,1,0,0
373,F. Barba,Dif,COM,16.7,6.4,-1.1,2,2,180,0,0,0,0,0,0,101,0,2,1,0,0,3,0,0,0
374,N. Estevez,Cen,PAR,16.7,7.8,-1.2,2,2,164,0,2,1,0,0,0,44,1,2,0,1,0,3,3,0,0
375,M. Wieteska,Dif,CAG,16.6,5.4,-1.1,1,1,90,0,1,0,0,0,0,38,0,0,0,0,0,6,1,1,0
376,Y. Karamoh,Att,TOR,16.4,4.5,-1.0,5,0,48,0,2,1,0,0,0,17,3,0,0,0,0,0,1,0,0
377,M. Sala,Dif,COM,16.4,5.4,-1.1,4,1,119,0,0,0,0,0,0,48,1,2,1,1,0,5,7,0,0
378,S. Vignato,Cen,MON,16.1,6.8,-1.2,4,1,106,0,1,0,0,1,0,22,0,1,1,0,0,2,4,1,0
379,A. Sarr,Att,VER,15.3,9.2,-1.3,4,1,67,0,0,0,0,1,0,19,1,2,0,0,0,1,2,0,0
380,T. Kristensen,Dif,UDI,14.8,8.6,-1.4,3,2,187,0,0,0,0,0,0,88,0,2,0,1,0,1,2,0,0
381,M. Pedersen,Dif,TOR,14.2,9.1,-1.4,4,2,208,0,0,0,0,2,0,30,2,1,0,1,0,2,4,0,0
382,I. Bennacer,Cen,MIL,14.1,11.2,-1.3,1,1,59,0,0,0,0,3,0,41,1,1,0,0,0,1,1,0,0
383,F. Melegoni,Cen,GEN,14.1,4.1,-0.4,2,1,68,0,1,0,0,0,1,5,1,0,0,0,0,0,0,0,0
384,A. Raimondo,Att,VEN,14.0,4.5,-1.0,6,0,73,0,1,1,0,0,0,13,1,1,1,0,0,1,2,0,0
385,G. Lapadula,Att,CAG,13.5,6.2,-1.3,5,0,114,0,6,1,0,0,0,14,1,5,0,1,0,0,2,0,0
386,A. Petagna,Att,MON,13.2,7.2,-1.3,3,2,179,0,4,0,0,3,0,26,0,4,4,1,0,1,0,1,0
387,D. D'Ambrosio,Dif,MON,13.1,6.3,-1.2,5,0,57,0,1,1,0,0,0,12,0,2,0,1,0,1,3,0,0
388,R. Gagliardini,Cen,MON,12.9,9.6,-1.9,4,0,92,0,0,0,0,0,0,49,1,4,4,1,0,1,1,0,0
389,L. Cacace,Dif,EMP,12.9,6.6,-1.4,5,0,100,0,3,0,0,2,0,25,4,3,0,1,0,1,1,0,0
390,M. Palestra,Dif,ATA,12.9,5.5,-1.0,4,0,43,0,0,0,0,0,0,22,2,1,3,0,0,1,2,0,0
391,L. Pavoletti,Att,CAG,12.3,5.7,-1.3,5,0,94,0,5,1,0,0,0,21,6,3,0,1,0,0,0,0,0
392,T. Pobega,Cen,BOL,12.3,7.2,-1.3,1,1,90,0,2,0,0,0,0,29,0,3,2,1,0,3,5,0,0
393,J. Karlsson,Att,BOL,12.3,6.6,-1.4,4,1,120,0,1,0,0,0,0,29,1,0,2,0,0,0,0,0,0
394,M. Kayode,Dif,FIO,11.6,10.9,-1.6,2,0,18,0,1,0,0,3,0,5,0,0,1,0,0,1,1,0,0
395,C. Ngonge,Att,NAP,11.1,8.6,-1.4,1,0,11,0,2,2,0,2,0,6,0,0,2,0,0,1,1,0,0
396,L. Jovic,Att,MIL,11.0,7.9,-1.6,3,1,78,0,1,0,0,1,0,15,1,1,1,1,0,1,0,0,0
397,A. Gabrielloni,Att,COM,11.0,4.9,-1.1,5,0,60,0,2,0,0,0,0,13,2,2,2,0,0,0,0,0,0
398,N. Leali,Por,GEN,10.7,4.2,0.2,1,1,90,0,0,0,0,0,0,18,0,0,1,0,0,0,0,0,5
399,A. Njie,Att,TOR,10.7,4.0,-0.5,3,0,31,0,1,1,0,2,0,6,0,0,1,0,0,0,2,0,0
400,Y. Engelhardt,Cen,COM,10.7,8.4,-1.6,3,0,76,0,0,0,0,1,0,39,0,1,0,1,0,1,1,0,0
401,S. Serdar,Cen,VER,10.6,9.0,-1.5,2,1,50,0,1,0,0,1,0,22,0,1,2,0,0,2,1,0,0
402,A. Barak,Cen,FIO,10.5,7.2,-1.3,1,1,55,0,2,2,0,0,0,17,3,0,0,0,0,0,2,0,0
403,D. Crnigoj,Cen,VEN,10.4,5.7,-1.3,3,0,34,0,0,0,0,0,0,7,0,1,2,0,0,2,3,0,0
404,D. Baselli,Cen,COM,10.2,4.0,-1.0,2,1,23,0,0,0,0,0,0,24,0,0,1,0,0,1,0,0,0
405,F. Stankovic,Por,VEN,10.1,4.7,-1.3,1,1,90,0,0,0,0,0,0,16,0,0,0,0,0,0,0,0,5
406,M. Pongracic,Dif,FIO,10.1,12.3,-1.7,2,1,92,0,0,0,0,1,0,44,1,4,0,0,1,3,1,0,0
407,F. Cassa,Cen,ATA,10.1,4.8,-1.2,2,0,12,0,0,0,0,0,0,5,0,2,1,0,0,0,0,0,0
408,I. Sulemana,Cen,ATA,9.8,6.6,-1.4,3,0,28,0,0,0,0,0,0,18,0,1,0,0,0,1,2,0,0
409,L. De Silvestri,Dif,BOL,9.6,6.1,-1.4,2,1,86,0,0,0,0,0,0,44,1,2,1,0,0,1,2,0,0
410,A. Atta,Cen,UDI,9.1,6.3,-0.7,2,0,29,0,0,0,0,1,0,15,1,0,0,0,0,2,2,0,0
411,A. Dembele,Dif,TOR,9.0,4.0,-0.5,5,0,53,0,0,0,0,1,0,20,0,1,0,2,0,1,2,0,0
412,D. Camara,Cen,PAR,8.8,4.3,-1.2,4,0,40,0,2,0,0,0,0,11,0,2,2,0,0,0,0,0,0
413,D. Ankeye,Att,GEN,8.7,4.0,-0.5,3,0,33,0,0,0,0,1,0,6,0,2,1,0,0,0,0,0,0
414,L. Chichizola,Por,PAR,8.5,4.7,-1.3,1,1,90,0,0,0,0,0,0,31,0,0,0,0,0,0,0,0,4
415,J. Jesus,Dif,NAP,8.4,7.1,-1.4,1,1,79,0,1,0,0,0,0,60,0,1,0,0,0,0,0,0,0
416,R. Sagrado,Dif,VEN,8.3,7.1,-1.4,2,2,117,0,1,0,0,0,0,15,0,2,1,1,0,3,2,0,0
417,F. Alidou,Att,VER,8.2,7.4,-1.1,2,0,57,0,1,0,0,2,0,14,1,0,0,0,0,0,0,0,0
418,L. Pellegrini,Dif,LAZ,8.1,6.1,-1.4,3,0,38,0,0,0,0,1,0,11,1,2,0,0,0,2,2,0,0
419,J. Correa,Att,INT,8.0,6.1,-1.4,3,0,38,0,1,1,0,0,0,10,0,1,1,1,0,0,1,0,0
420,B. Dominguez,Att,BOL,7.9,7.5,-1.0,1,1,63,0,2,2,0,0,0,8,0,2,4,0,0,0,1,0,0
421,A. Paleari,Por,TOR,7.7,4.7,-1.3,1,1,90,0,0,0,0,0,0,23,0,0,1,0,0,0,0,0,4
422,A. Matturro,Dif,GEN,7.6,4.1,-0.4,2,1,111,0,0,0,0,0,0,20,1,0,1,0,0,2,1,0,0
423,V. Adzic,Cen,JUV,7.6,5.2,-1.3,1,0,18,0,1,1,0,0,0,9,0,0,0,0,0,2,2,0,0
424,P. Pellegri,Att,EMP,7.5,5.6,-1.4,4,0,65,0,1,0,0,1,0,11,2,1,2,1,0,0,1,0,0
425,E. Hysaj,Dif,LAZ,7.3,5.6,-1.4,2,0,9,0,0,0,0,0,0,13,0,0,0,0,0,1,1,0,0
426,M. Felici,Cen,CAG,6.6,5.1,-1.4,1,0,22,0,1,0,0,2,0,5,0,1,0,0,0,1,0,0,0
427,M. Arnautovic,Att,INT,6.3,7.8,-1.7,3,0,37,0,2,0,0,0,0,10,0,0,0,0,0,2,2,0,0
428,J. Schingtienne,Dif,VEN,6.2,8.9,-1.1,1,1,90,0,0,0,0,0,0,28,0,1,0,1,0,4,4,0,0
429,M. De Sciglio,Dif,EMP,5.9,5.1,-1.4,2,0,8,0,0,0,0,1,0,1,1,0,2,0,0,0,0,0,0
430,R. Toloi,Dif,ATA,5.5,6.1,-1.4,1,0,32,0,1,0,0,0,0,14,0,0,1,0,0,1,1,0,0
431,M. Maric,Att,MON,5.5,4.0,0.0,2,0,13,0,0,0,0,0,0,3,0,1,0,0,0,0,0,0,0
432,G. Jean,Dif,LEC,5.4,7.3,-1.2,2,0,18,0,0,0,0,0,0,1,0,0,0,0,0,0,0,0,0
433,O. Forson,Att,MON,5.1,6.1,-1.4,1,0,19,0,0,0,0,2,0,10,0,0,0,0,0,0,0,0,0
434,M. Keita,Cen,PAR,5.1,11.8,-1.7,3,0,38,0,0,0,0,1,0,21,2,2,0,0,1,0,0,0,0
435,W. Cyprien,Cen,PAR,5.0,5.5,-1.5,2,0,26,0,1,0,0,0,0,14,0,0,0,0,0,2,0,0,0
436,A. Marcandalli,Dif,GEN,4.7,4.6,-1.4,1,1,45,0,0,0,0,0,0,11,0,0,0,0,0,0,1,0,0
437,K. Zeroli,Cen,MIL,4.6,4.0,-1.0,1,0,11,0,0,0,0,0,0,9,0,0,0,0,0,1,1,0,0
438,K. Mutandwa,Att,CAG,4.5,4.0,-1.0,2,0,45,0,3,0,0,0,0,9,0,2,0,0,0,0,0,0,0
439,B. Norton-Cuffy,Dif,GEN,4.4,6.1,-1.4,2,0,54,0,1,0,0,0,0,10,1,1,0,0,0,1,0,0,0
440,A. Manzoni,Cen,ATA,4.0,4.0,-0.5,1,0,5,0,1,0,0,0,0,11,0,1,1,0,0,0,0,0,0
441,L. Anghele,Att,JUV,3.9,4.8,-1.2,1,0,5,0,0,0,0,1,0,4,0,0,0,0,0,0,0,0,0
442,H. Ahanor,Dif,GEN,3.7,6.1,-0.4,1,1,69,0,0,0,0,0,0,6,0,0,3,0,0,0,1,0,0
443,N. Cambiaghi,Att,BOL,3.5,10.3,-1.7,1,0,14,0,1,0,0,0,0,12,0,0,0,0,0,0,1,0,0
444,S. Verdi,Att,COM,3.4,6.4,-1.6,2,0,49,0,0,0,0,1,0,8,1,1,1,1,0,0,0,0,0
445,M. Kowalski,Cen,PAR,3.4,7.5,-1.0,1,1,57,0,1,0,0,0,0,8,0,1,0,0,0,0,0,0,0
446,S. El Haddad,Cen,VEN,3.2,4.0,0.0,2,0,25,0,0,0,0,0,0,8,1,1,0,0,0,0,0,0,0
447,F. Marchwinski,Cen,LEC,3.1,8.8,-1.7,1,0,14,0,0,0,0,0,0,4,0,0,1,0,0,0,0,0,0
448,Ali Jasim,Att,COM,2.7,4.0,-1.0,1,0,1,0,0,0,0,0,0,2,0,0,0,0,0,0,0,0,0
449,B. Godfrey,Dif,ATA,2.6,11.2,-1.8,1,0,22,0,0,0,0,0,0,7,0,1,0,0,0,0,0,0,0
450,J. Abankwah,Dif,UDI,2.6,4.0,0.0,1,0,1,0,0,0,0,0,0,1,0,0,0,0,0,0,0,0,0
451,M. Kaba,Cen,LEC,2.6,6.9,-1.6,1,0,15,0,0,0,0,0,0,3,0,0,0,0,0,0,1,0,0
452,A. Ciammaglichella,Cen,TOR,2.5,4.5,-1.0,1,0,1,0,0,0,0,0,0,0,0,0,0,0,0,0,0,0,0
453,Y. Okou,Dif,VER,2.3,5.5,-1.5,1,0,1,0,0,0,0,0,0,0,0,0,0,0,0,0,0,0,0
454,F. Accornero,Cen,GEN,1.9,4.0,-0.5,1,0,4,0,0,0,0,0,0,4,0,0,0,0,0,0,0,0,0
455,M. Folorunsho,Cen,NAP,1.8,10.3,-1.7,1,0,17,0,0,0,0,0,0,5,0,1,0,0,0,0,1,0,0
456,A. Cerri,Att,COM,1.2,4.0,-1.0,2,0,59,0,2,0,0,0,0,10,0,3,1,0,0,0,0,0,0
457,S. Sazonov,Dif,EMP,1.0,4.0,-1.0,1,0,2,0,0,0,0,0,0,0,0,0,0,0,0,0,0,0,0
458,A. Pelmard,Dif,LEC,0.6,5.9,-1.6,1,0,4,0,0,0,0,0,0,1,0,0,0,0,0,0,0,0,0
459,A. Donnarumma,Por,TOR,0.0,4.0,-0.5,0,0,0,0,0,0,0,0,0,0,0,0,0,0,0,0,0,0,0
460,S. Zurkowski,Cen,EMP,0.0,11.4,-1.6,0,0,0,0,0,0,0,0,0,0,0,0,0,0,0,0,0,0,0
461,F. Brancolini,Por,EMP,0.0,4.0,0.0,0,0,0,0,0,0,0,0,0,0,0,0,0,0,0,0,0,0,0
462,A. Florenzi,Dif,MIL,0.0,9.4,-1.6,0,0,0,0,0,0,0,0,0,0,0,0,0,0,0,0,0,0,0
463,M. Sportiello,Por,MIL,0.0,6.4,-1.6,0,0,0,0,0,0,0,0,0,0,0,0,0,0,0,0,0,0,0
464,F. Rossi,Por,ATA,0.0,4.0,0.0,0,0,0,0,0,0,0,0,0,0,0,0,0,0,0,0,0,0,0
465,N. Sansone,Att,LEC,0.0,4.9,-1.6,0,0,0,0,0,0,0,0,0,0,0,0,0,0,0,0,0,0,0
466,A. Cragno,Por,MON,0.0,6.4,-1.6,0,0,0,0,0,0,0,0,0,0,0,0,0,0,0,0,0,0,0
467,S. Sensi,Cen,MON,0.0,11.9,-1.6,0,0,0,0,0,0,0,0,0,0,0,0,0,0,0,0,0,0,0
468,D. Padelli,Por,UDI,0.0,4.0,0.0,0,0,0,0,0,0,0,0,0,0,0,0,0,0,0,0,0,0,0
469,A. Sanchez,Att,UDI,0.0,12.4,-1.6,0,0,0,0,0,0,0,0,0,0,0,0,0,0,0,0,0,0,0
470,C. Pinsoglio,Por,JUV,0.0,4.0,0.0,0,0,0,0,0,0,0,0,0,0,0,0,0,0,0,0,0,0,0
471,Andre Anderson,Cen,LAZ,0.0,4.0,0.0,0,0,0,0,0,0,0,0,0,0,0,0,0,0,0,0,0,0,0
472,A. Milik,Att,JUV,0.0,6.4,-1.6,0,0,0,0,0,0,0,0,0,0,0,0,0,0,0,0,0,0,0
473,Mario Rui,Dif,NAP,0.0,6.9,-1.6,0,0,0,0,0,0,0,0,0,0,0,0,0,0,0,0,0,0,0
474,M. Valoti,Cen,MON,0.0,4.0,-1.5,0,0,0,0,0,0,0,0,0,0,0,0,0,0,0,0,0,0,0
475,K. Bonifazi,Dif,LEC,0.0,4.0,-1.5,0,0,0,0,0,0,0,0,0,0,0,0,0,0,0,0,0,0,0
476,J. Jankto,Cen,CAG,0.0,5.9,-1.6,0,0,0,0,0,0,0,0,0,0,0,0,0,0,0,0,0,0,0
477,M. Vigorito,Por,COM,0.0,4.0,0.0,0,0,0,0,0,0,0,0,0,0,0,0,0,0,0,0,0,0,0
478,S. Perisan,Por,EMP,0.0,4.4,-1.6,0,0,0,0,0,0,0,0,0,0,0,0,0,0,0,0,0,0,0
479,M. Ryan,Por,ROM,0.0,6.4,-1.6,0,0,0,0,0,0,0,0,0,0,0,0,0,0,0,0,0,0,0
480,Deulofeu,Att,UDI,0.0,4.4,-1.6,0,0,0,0,0,0,0,0,0,0,0,0,0,0,0,0,0,0,0
